id,uri,name,last visited
0,Juche,3GZ8Rfap7VxAOzABiZEXCL,2023-03-01
1,Skeler,7ks4LdnBvp6HUsmVJiKgsB,2023-03-01
2,Ytho,5x0yHFCXMkXydFudgs6o3y,2023-03-01
3,enjoii,5aUdEtXbJeOjAuNXLn9lkX,2023-03-01
4,MYSTXRIVL,5puIJpEBWYS37qD8TS8gZq,2023-03-01
5,Sokos,74BcHC0oHVSwJySCVT8pz7,2023-03-01
6,Øfdream,70P3LvwslDBQicUfL2Ix02,2023-03-01
7,Nocel,1LVM5C09OaVdkw11UorFjQ,2023-03-01
8,Sibewest,1GkZqUh9gC1kOFSwIFG5Hs,2023-03-01
9,Outsidr,1gfmLEQt3UTBEQretMNE1D,2023-03-01
10,MVEJIMV,5Wnum711yq6O0cON6Jjk0z,2023-03-01
11,Kyddiekafka,2WEqx25N8Xb7dHMjRmaalG,2023-03-01
12,Blane,1TZPQWLU30ONTAbnXWVx9k,2023-03-01
13,Kareful,7y4breKexfBWgdyMgHMEHK,2023-03-01
14,Spoze,4PPILpicF1oXlAf9yY02HB,2023-03-01
15,shxde,6rCnAlUYZj7i19NEeRlwCr,2023-03-01
16,Compa,1Kb6VchwwZk28ANgQfPsMf,2023-03-01
17,PULSE,7KUllKhPR9wB7WdMqxk59h,2023-03-01
18,ETERNAL RAIJIN,2Xs8QVdyx8o7ABzHwrGqbl,2023-03-01
19,DEVV & VOLTAGE,78hgA8TtBSd5sfB7wCWaVr,2023-03-01
20,PAVVVLON,4zBr67UnGwBk2p2Q3aSlK9,2023-03-01
21,ADASH,2RQxAlDSHn4ws6I1TJkNDp,2023-03-01
22,Resonata,0DPxk01Zpe39U3H7gTBj4H,2023-03-01
23,Wevlth,5N7wAKV4HvGQj66w5HV4bD,2023-03-01
24,Dyzphoria,6SehYBqIfg08SBrc7Ydreg,2023-03-01
25,Harukasuka,2tqIITVpzi814Mw37SvIIy,2023-03-01
26,Klimeks,5JQljNQvDpk1hhKpJHpwNU,2023-03-01
27,Unnholy,5um0tGaoeKhLVjLjPFG0UX,2023-03-01
28,Fraunhofer Diffraction,3s001vzLUM01WSssGvHhXA,2023-03-01
29,Brothel,3xYvvJ6tjXyJJdEXBs8qf0,2023-03-01
30,CLFRD,6YoGAC3Z4jQdZHFlGu8Hlo,2023-03-01
31,GENES,6NWo7jtbACJUqqDCFtVfMx,2023-03-01
32,barnacle boi,6psDObCnL4BfpwqYzE0Dzu,2023-03-01
33,Serenity,4psxzsqnb1WmHyuZbPI2oG,2023-03-01
34,Ennja,5VfsJtcTOUghb9eRPpif27,2023-03-01
35,Sidewalks and Skeletons,48nHO1cuTbpx4ELhChsxX1,2023-03-01
36,yerbby,7byplsH3a05Rz2CPjwINHF,2023-03-01
37,KROK ODIL,1HtZ0KoTUdra7cSr6GU455,2023-03-01
38,Faeriey,1MDhPlUZx5ogi8dy08LHjV,2023-03-01
39,Landechoe,6p4RPfegbpgON5bil2BRoA,2023-03-01
40,Skit,6ejpWdV51Wxr3azIpJXwoQ,2023-03-01
41,KTrek,1ghwrzwYwjMLzbzghLWQOV,2023-03-01
42,ÆSTRAL,0WH6jkqBDDzQYQx3jSuNgL,2023-03-01
43,B3LLA,2hak4H60FEHFaWqBQgnCYf,2023-03-01
44,almogfx,099h113YJ299YZfyIEDncL,2023-03-01
48,Memphis.,3ACzfvTTZISD00GrHxuGiv,2023-03-01
49,Lexie Liu,6fs2or0cKLEM2xohWq8SoX,2023-03-01
50,Alter/Ego,4ChH0CDRwtEsmzKwNZztRk,2023-03-01
51,luna.moon,6zlQ0UuDhfKjmuoLvErEdw,2023-03-01
52,Saint Mars,2OCanyIjsP839xw7ItEZPZ,2023-03-01
53,Tryzdin,4tkNmdEWoqNIHc0DqFu82c,2023-03-01
54,Maraasim,7stUMpaIH3pVscxYmlcvqv,2023-03-01
55,BVXSEEK,23Lu5D8baNcAXTnYEjDn5a,2023-03-01
56,pexØt,3qB54eHzUDLxcLAN29opEG,2023-03-01
57,kittyangel,6dt9LSPnO92EazxwWlfiQE,2023-03-01
58,Just Connor,56RD5PjknZlVSB4HS6YEF1,2023-03-01
59,Kosa,2ePgEQHzJJkNTLb2Q95Eh5,2023-03-01
60,SecretiveSuicide,16VLZykOWwmhqR60Y5n2z9,2023-03-01
61,mark veins,5Rt7OtfJpjne2jW8qy9Kcz,2023-03-01
62,hyperforms,0NreEgNG54pUbCtdJ7W7ub,2023-03-01
63,Tydo,5npQmBRazTqEW4p6zV6mX3,2023-03-01
64,BVLLVH,6Y5JeI5gLAYGBHR0ROxthZ,2023-03-01
65,shxpe,1R0s6SuVG6Qmfe4oIgqLPu,2023-03-01
66,Willix,6xWCdgEVD3rUXv3AYA4VPj,2023-03-01
67,Heimanu,01mvWXVNW6Gz5Oxf6bQrtM,2023-03-01
68,SBU,11mQrxndu00noj9pIgh6EQ,2023-03-01
69,Teneki,2HKXQdbsT8X5uFLsAVtMG4,2023-03-01
70,Tearz,0uNg4OGi0R7A0tZDRzzJ8m,2023-03-01
71,The Obsidian,6bXzsEdDVMZZjiHr4Opst1,2023-03-01
72,genCAB,5IN6zApha7pbFhLfAO8u14,2023-03-01
73,CHVRN,7rSykIe3Og1NMbIV6LOeVx,2023-03-01
74,iSorin,2VIu7EvKbUKLtGlblzhkzD,2023-03-01
76,REMNANT.exe,46q8Ul5r65jpuyZ8LwWPN3,2023-03-01
77,TWERL,3pJlam8yODJN1AEzmTVGko,2023-03-01
78,Ivoryghost,7bqVQ6CwlOmsuQ7QnhEBR8,2023-03-01
79,Kim,4q5RE9bDpugEWslh6TfiI0,2023-03-01
80,BlazinG,0CZJEhOFoOiEgYc2iUsNV9,2023-03-01
81,ENROSA,2GL4yQnMX0QY6dd9yRwDbj,2023-03-01
82,Velvetine,192J7pIS4EJBx0U70kx40D,2023-03-01
83,Seven Lions,6fcTRFpz0yH79qSKfof7lp,2023-03-01
84,Vök,7oDTyDfeA2JE2jUZztkBj8,2023-03-01
85,Davey Havok,1Q1ItjYrk6Si5q4tQtRbx8,2023-03-01
86,Karra,24CzPFC4y3bM4AkUnZfuAU,2023-03-01
87,April Bender,4nEs5Ln0E5g3UtNu8suntA,2023-03-01
88,Jason Ross,6CCTvLyIHqUhY6VQizt150,2023-03-01
89,Jonathan Mendelsohn,5d1oOpLkM76Tgr2zWMTYkm,2023-03-01
90,Paul Meany,0t3yoCFCow8O6LiUloM9cq,2023-03-01
91,Xilent,1k78cRCnTM3T7EhvhVeaKX,2023-03-01
92,Sue Gerger,0m9zzOKuiRP6GUxTyW42sV,2023-03-01
93,Ellie Goulding,0X2BH1fck6amBIoJhDVmmJ,2023-03-01
94,Above & Beyond,10gzBoINW3cLJfZUka8Zoe,2023-03-01
95,Richard Bedford,5JbD3IL6449LrMT8ct6KTB,2023-03-01
96,BT,64MoFdq8ORI3V98AR5SPWL,2023-03-01
97,JES,6UAyCjS0OPMd1Ham8bvs9g,2023-03-01
98,Fractal (USA),0BIAbek9V4Q6iCwtXT84uN,2023-03-01
99,Fractal,1m8MuuZS4TylTTb755RZrh,2023-03-01
100,Au5,40WIa01eubnEVkxUHeDZyF,2023-03-01
101,Ashley Apollodor,6n8gDEl7sDBnK4z08bsijw,2023-03-01
102,Cristina Soto,5BKXCIdVnAwBQKUoGNqfZj,2023-03-01
103,IID,2lGTkTd3ciL78H7ozrPAfH,2023-03-01
104,Zoë Johnston,3dWyWwLvZWsWtXZHhmAiFL,2023-03-01
105,ILLENIUM,45eNHdiiabvmbp4erw26rg,2023-03-01
106,Said The Sky,4LZ4De2MoO3lP6QaNCfvcu,2023-03-01
107,SIRMA,2fYZQJ1iohAImNGjuZoFrz,2023-03-01
108,Mimi Page,1USUeNBNJcg7Of34Ix74lM,2023-03-01
109,Nina Sung,3IDGSw4dPbHMSnd93gkeXG,2023-03-01
110,Crystal Skies,6HraHl4uwIQFixUu3J49BK,2023-03-01
111,Brooke Williams,47eA8knxvpD9CZsqHn4Mxz,2023-03-01
112,Q'Aila,5NbLht1MNVM19gY3OIBDwK,2023-03-01
113,Skrux,6cwRqYSDYwWsLveCcDRhyY,2023-03-01
114,Crywolf,33o00sXuyWiApOFzo0vr0z,2023-03-01
115,Anna Yvette,2Ndq6RparrhEoceel7LC4Z,2023-03-01
116,Mona Moua,7szwIliQiPcrgqWrm0RKwO,2023-03-01
117,Delacey,2GAvE8IRJsYcMuHcC8XkkD,2023-03-01
118,Varien,2g1JSu9UfRcQQYb3b03Km7,2023-03-01
119,SirensCeol,4MLO0CjZZIw0FgBDGnj3K4,2023-03-01
120,Aloma Steele,0Th7ebqyWRIwNfNDIkEpNX,2023-03-01
121,Trivecta,4AT7XlLBevgZIiKvZQ83ye,2023-03-01
122,Azedia,19YDv4gY8HMpdJgABGIVJn,2023-03-01
123,Syrin,0KEA3DE82rZimKMLyyDe91,2023-03-01
124,Danyka Nadeau,1bZhxzq9mhYkPf0wdxGko9,2023-03-01
125,Charlotte Haining,46MwA97jVwCZRP1i8hK6Tk,2023-03-01
126,Koven,3UCbp6D1lvILlxRJT9LnFa,2023-03-01
127,Myon,0nTbVTXLLbBA4xCtn0cFkv,2023-03-01
128,Alissa Feudo,1hLz5G0XMRj782Pb0hhP8g,2023-03-01
129,DROELOE,0u18Cq5stIQLUoIaULzDmA,2023-03-01
130,Sem,3MNRl7HX8LItpUynecii15,2023-03-01
131,NOHC,4UkPjMAJX3pG27D7uaubXG,2023-03-01
132,Chime,3hMTYaexWgGkXqvbkt6EIS,2023-03-01
133,Man Cub,6uku31mN2SKBGAIEM6Umgi,2023-03-01
134,APEK,6jNwV0P142cXxXanOl9Ylo,2023-03-01
135,HALIENE,1sKIizVYeHkGy7Tjmn9QRj,2023-03-01
136,Nasty Purple,06OQBq0iM25WXDJJ8R0POt,2023-03-01
137,Kenny Raye,7KZzZTfU6AkjSA52UCkSCX,2023-03-01
138,Stonebank,4lC8Q0azW5ij2e1skZo377,2023-03-01
139,EMEL,1U6FdBYgMkeRjQFuTF5JYr,2023-03-01
140,Culprate,7q7puZ5wtpfQe3doDb4834,2023-03-01
141,Evoke,2TljAKrnT0SDyoSf88mciP,2023-03-01
142,Tasha Baxter,7sLv4bED064cYa2XhF85og,2023-03-01
143,Protostar,0n8nGcgKnLHVv106g3AfnH,2023-03-01
144,Rogue,3zuevuwyBq4MiQzPB3nvW2,2023-03-01
145,guesst,6JN0LuZjEtRULBROXulK81,2023-03-01
146,Barren Gates,7eMykQ9NjmtA5FnMarEG2F,2023-03-01
147,Astral,41ywwlieZydQxHC9ebturD,2023-03-01
148,Slyleaf,3urhrgG6tVFVPIc8Dgf3Y2,2023-03-01
149,SprightS,6MEWjPzHj7FFGHd2qLva4y,2023-03-01
150,I-Exist,5hutk27muJqNAjWdTLZ0CN,2023-03-01
151,Wooli,1Uyqa2sdHm1bL5JK4IC4zc,2023-03-01
152,Amidy,685c4a84PTRlygc8EUE7tV,2023-03-01
153,Xan Griffin,3wkHMiy2I0PuYIh9JNyqVk,2023-03-01
154,Sound Remedy,1UtzKaSQyctQO8GN8EyzOn,2023-03-01
155,Paige Cavell,6K3xqGQiS7BLYG6llkAF24,2023-03-01
156,Blastoyz,6WLP1sraOcF3Gaxp7xBa4p,2023-03-01
157,Dimibo,4s10B1BltDZ1heQIhTFs59,2023-03-01
158,Kill The Noise,3qnMl4DHT4gndzFAcG4FlM,2023-03-01
159,Arkasia,1m0rmoX1ma9A5HObTSNcqG,2023-03-01
160,Daenine,4o7M93KhmFXUpUwdJZX2YB,2023-03-01
161,KIVΛ,0INhVpbEaF6rEDPK3BgZCj,2023-03-01
162,Qma,1Vpyp8kkMdkYPi8NDUYMqW,2023-03-01
163,Electromagnetic Blaze,5QRnhtrDsbrdrkUE4X17aq,2023-03-01
164,Foster,2Q821JlET0uwV9W4ZJ3WvK,2023-03-01
165,TwoWorldsApart & Satellite Empire,,2023-03-01
167,Florence And The Machine,,2023-03-01
168,MitiS,16yUpGkBRgc2eDMd3bB3Uw,2023-03-01
169,Ricky Mears,5FSCLPrvr6ytMwIkMW2h71,2023-03-01
170,Deja Elyze,5k1f2HqoKb9uVvX5aKn0ji,2023-03-01
171,Infected Mushroom,6S2tas4z6DyIklBajDqJxI,2023-03-01
172,Sasha Grey,5DWVtxlkGSCNxqEN7KWNpU,2023-03-01
173,Derek Joel,46OtpY1n8PieZ55v1gujZJ,2023-03-01
174,Psy Fi,66EhWb91GjGJK1qgHDqqnI,2023-03-01
175,Röyksopp,5nPOO9iTcrs9k6yFffPxjH,2023-03-01
176,Susanne Sundfør,54KCNI7URCrG6yjQK3Ukow,2023-03-01
177,Fiora,2r7POU2f5jV6x3k4vsNwrM,2023-03-01
178,Just A Gent,1kwGj7uDO5WXVXtQLvGJr0,2023-03-01
179,Celldweller,4BKyei61gtyDFxlKhcvBJJ,2023-03-01
180,Rico & Miella,6F4KRaTnwZ3ttUYpdo45C8,2023-03-01
181,The Living Proof,0ugBL1a1T65aLKkctOHh2d,2023-03-01
182,Xtrullor,4Li9XzqHb3KHgM423sA3nX,2023-03-01
183,Caster,4z7OnrBHTHdfpjNKl7NGox,2023-03-01
184,EMOTIONA,6v9A0yzIHthiCg6X5teZej,2023-03-01
185,Harald Revery,3e27f6Y3wBFJ1YYLNkrjNu,2023-03-01
186,Juventa,2c8lJBXnL9RqVgp81tm2np,2023-03-01
187,Kelly Sweet,7rqacjqgs10tZwg7S2DNxR,2023-03-01
188,Death & Rebirth,122bnCgdrZCvV1KDGQ6YK4,2023-03-01
189,Arkana,6IELx6XGZcbJE8uNDPO3PP,2023-03-01
190,Skrux,6cwRqYSDYwWsLveCcDRhyY,2023-03-01
191,Crywolf,33o00sXuyWiApOFzo0vr0z,2023-03-01
192,Koven,3UCbp6D1lvILlxRJT9LnFa,2023-03-01
194,Saturn,0vaJOYmLhIBZMSrG2KK80x,2023-03-01
195,MISSIO,2HOMW1liAxI3URnEq95SMS,2023-03-01
196,Animadrop,1AUZ4SxTPTZL7wDE80tPcR,2023-03-01
197,Antent,6ovctVkv7d2fBdilDRYfDW,2023-03-01
198,Kisnou,3Co4gT2U5SSLRcqcaArvBF,2023-03-01
199,Kori,6tUcO4yFrN0Zzt3iMtDyns,2023-03-01
200,Ento,1XJdMXkPKk5xO3EinhZxuv,2023-03-01
201,DM Galaxy,3uKSQRJFp1pnRWT95Yso12,2023-03-01
202,Hannabelle,2M9gZEZhJ4wkPb2zEEZ8ZV,2023-03-01
203,Last Heroes,3HHfEn7yPOy3IiHS6CHG97,2023-03-01
204,Aurai,3aF8t2s2HpPMjfaa6ARS5p,2023-03-01
205,Blure,6Ho9pT1qKhmmNGjFnXD5a7,2023-03-01
206,Exclusion,5iyFPVBp2O8uXAy9nf80es,2023-03-01
207,TwoWorldsApart,29CTrnvjIYocNxv66Umt5B,2023-03-01
208,Danger,2o3U0ld93tHYowkoari4Vi,2023-03-01
209,Siren,3W9xYuBLRqrQGoNqkKkZKl,2023-03-01
210,Apollodor,7rKyiTmDpFhv5zOWzfFKIn,2023-03-01
211,Nora Van Elken,04m3oUGzjO3EJTQidFzTgM,2023-03-01
212,Coma,39UegBPo6p2jGx7fnGOZIZ,2023-03-01
213,Nastya Kazantseva,3wF9SXMmYh6VkJYd357pjH,2023-03-01
214,CHENDA,38HqxBtUpMunEP3kKLjEby,2023-03-01
215,Jacoo,65NrBzD3Jnf1iqbDjuUYjD,2023-03-01
216,Pensees,7c9X4h9akzgMDrdS44YwIB,2023-03-01
217,yerbby,5rfyc1JgTuudbvdmUcaIun,2023-03-01
218,Varien,2g1JSu9UfRcQQYb3b03Km7,2023-03-01
219,Veela,3CiuuHKIxxJPoNRvF94GtR,2023-03-01
220,Cassandra Kay,0hNDWDVLpAps7K0dd5R62P,2023-03-01
221,AK,33Cf4O1KAVbtQa00scMi2A,2023-03-01
222,Kooma,2OQpMQGdpN1kb9vf7Sn9Em,2023-03-01
223,Nomyn,5VbsCwCoxtsC4nRCyLJveN,2023-03-01
224,Zoe Moon,2WmLMQQCzPESCJbOA0Lnd9,2023-03-01
225,Approaching Nirvana,3sS2Q1UZuUXL7TZSbQumDI,2023-03-01
226,Laura Brehm,7ddnIV2r4SLjuwyGlgLIWt,2023-03-01
227,Faux Tales,38m9yqy7fH2TiNa93BU9z7,2023-03-01
228,Azedia,19YDv4gY8HMpdJgABGIVJn,2023-03-01
229,Rogue VHS,55DhV9I8VahoWvpa3QMPP5,2023-03-01
230,Tima,1rDy96MTvvmWDAbIg6B6o4,2023-03-01
231,Mona Moua,7szwIliQiPcrgqWrm0RKwO,2023-03-01
232,Anna Yvette,2Ndq6RparrhEoceel7LC4Z,2023-03-01
233,Delacey,2GAvE8IRJsYcMuHcC8XkkD,2023-03-01
234,Fracture Design,0x9EbuwxixNxrTxrMOljzn,2023-03-01
235,Illustrated,3UaZ2HKslGQdOJ2X7ePVEq,2023-03-01
236,Comaduster,7qiPN4EfYY3qZqZwaAKzN5,2023-03-01
237,Mari Kattman,2cx9xvvWgLn451vQqnGuPC,2023-03-01
238,I Will Never Be The Same,5gWDvr9V4KoC2boyZD13WT,2023-03-01
239,Celldweller,4BKyei61gtyDFxlKhcvBJJ,2023-03-01
240,Soul Extract,1cEPAqNFhmARDe0HgKOD3h,2023-03-01
241,The Anix,6nFvVbL2RN5czSm7NZjE51,2023-03-01
242,Blue Stahli,4DWnSG0RYPAds8EIKY26q3,2023-03-01
243,NUTRONIC,3VnPsIJuT0zVGQPJk2MaRr,2023-03-01
244,Void Chapter,6hJhjhNdtSCfZhQiqN03lq,2023-03-01
245,Les Friction,6w3KIJjRhRR0yuABLt68Rz,2023-03-01
246,Getsix,4IeW6F11KCYzci40UXdJm8,2023-03-01
247,Miss Lina,1YWIbcvuqzWzPyxyrVTMJv,2023-03-01
248,MDK,4AFmCAFHwoV2o3QR1Wgup4,2023-03-01
249,Panda Eyes,3K0GDmmiRwn1Zc7RZzTeAz,2023-03-01
250,Teminite,5EEuae5uigQnwgYCl0s8EF,2023-03-01
251,Similar Outskirts,1EheS355QusAVqx9Pux9No,2023-03-01
252,Yooh,70ASH0VLCVQDNhDzHMZMf6,2023-03-01
253,Astronaut,7lcbOlKjk4gLsCxd481hik,2023-03-01
254,Barely Alive,5c3akKV3CUqAVOnGZqf4S3,2023-03-01
255,Slips & Slurs,6synnkwbKNnqNHIG1wNiq4,2023-03-01
256,Mihka!,07MiScs25YZlJ3OrsF3GIK,2023-03-01
257,Tokyo Machine,3bwENxqj9nhaAI3fsAwmv9,2023-03-01
258,Poni,3a6qES5elZUR1LIpUq2ERm,2023-03-01
259,Psychic Type,1MkvWPAIDYqY8YbNpzRJYK,2023-03-01
260,Pixl,210hjvKOh716ZO4ErE3x22,2023-03-01
261,Pegboard Nerds,0lLY20XpZ9yDobkbHI7u1y,2023-03-01
262,Tristam,28Ky95tmlHktB96DBUoB0g,2023-03-01
263,Favright,6drePuJljld7X7xb7s63EK,2023-03-01
264,Tut Tut Child,6EmSzH0r12lNsYQCFzCFS3,2023-03-01
265,Braken,1SFSz2SewAsgPeFvGmAouI,2023-03-01
266,Rogue,3zuevuwyBq4MiQzPB3nvW2,2023-03-01
267,Throttle,6mPZJXtFVaakznkRxdgWtC,2023-03-01
268,Stereotronique,1x5jH1DE1ihbkCMqmQxCvv,2023-03-01
269,Holly Drummond,24O8Ftz6AqboC3Uawbiw4r,2023-03-01
271,Approaching Nirvana,3sS2Q1UZuUXL7TZSbQumDI,2023-03-01
272,Case & Point,1Bj395MP3AL2B6KouMzkFO,2023-03-01
273,F.O.O.L,1ldNdtZX38LAsOk0ciLvb2,2023-03-01
274,Razihel,5RKCVcnmcgyhFf85I4Ry9O,2023-03-01
275,Auvic,0UM3yh4PeDSWa9cnHJ0jgW,2023-03-01
276,Pipo Fernandez,1K1JB0qPbNIY780xEqDNWY,2023-03-01
277,Karma Fields,1tRsdSvjwp34PDvcmix6SJ,2023-03-01
278,Kerli,4IFgewC2urR62Fwt7uAU03,2023-03-01
279,Jonny Rose,3p5VCeIdYiZzNu0kyb9sMd,2023-03-01
281,Tryhardninja,0B7Y5KDNScTBzeN7DY74YG,2023-03-01
282,Max Collins,0JP3kmkFK32jTcsDEnYYAr,2023-03-01
283,Different Heaven,0pCGA9tdtbWwo1pKIs0CFx,2023-03-01
284,Shaun Angel,5xAjq5NstnWpl9NNISqX2y,2023-03-01
285,Knife Party,2DuJi13MWHjRHrqRUwk8vH,2023-03-01
286,Getter,3QryVD03gGZOLQQXjy3EoA,2023-03-01
287,Barren Gates,7eMykQ9NjmtA5FnMarEG2F,2023-03-01
288,Alter.,6QbSwCeNaIhbfp1jpZ02nZ,2023-03-01
289,Mazare,4yzZdtb9UicgY2M23eEtL9,2023-03-01
290,Essenger,3vc0JWD1Nj1VLrgJ1x3cjE,2023-03-01
291,Becko,6Vu1oZl4ozrU6zqdidyCMU,2023-03-01
292,TeZATalks,6olAhxDEja5fYKEHF6tA2W,2023-03-01
293,SWARM,07OF36h5y4S6s9ckQliaj3,2023-03-01
294,I-Exist,5hutk27muJqNAjWdTLZ0CN,2023-03-01
295,EMOTIONA,6v9A0yzIHthiCg6X5teZej,2023-03-01
296,Brian Lenington,37j1A2K73sBgnplBufxm5k,2023-03-01
297,Bossfight,1fILrc9B34DjHxSMkJmyBN,2023-03-01
298,Knife Party,2DuJi13MWHjRHrqRUwk8vH,2023-03-01
299,Flux Pavilion,7muzHifhMdnfN1xncRLOqk,2023-03-01
300,Foreign Beggars,0sQ1wgSdRpoysgsa1VnI4G,2023-03-01
301,DJ Fresh,6r20qOqY7qDWI0PPTxVMlC,2023-03-01
302,Sian Evans,2DTw633fgdoxrqv7uPdcCw,2023-03-01
303,Benny Benassi,4Ws2otunReOa6BbwxxpCt6,2023-03-01
304,Gary Go,6beTArFVpUujvkHi9FVPqs,2023-03-01
305,Skrillex,5he5w2lnU9x7JFhnwcekXX,2023-03-01
306,Sirah,3oAazIwC0nAYkOKVQPUC38,2023-03-01
307,SCNDL,3Y7sK4nACC8R7WwAUUumCL,2023-03-01
308,Krewella,0Cd6nHYwecCNM1sVEXKlYr,2023-03-01
309,Pegboard Nerds,0lLY20XpZ9yDobkbHI7u1y,2023-03-01
310,Elizaveta,2a9bCkqCkLvXM0s3uPvR7M,2023-03-01
311,Halo Nova,1r7UPXimtCojs90x4ghJXQ,2023-03-01
312,Noisestorm,2BuSNpxpMGJGiAAWJYJT2t,2023-03-01
313,Patrick Stump,0wsdUS0EJ7zHgti2nxTVWR,2023-03-01
314,Travis Barker,4exLIFE8sISLr28sqG1qNX,2023-03-01
315,Linkin Park,6XyY86QOPPrYVGvF9ch6wz,2023-03-01
316,KillSonik,5880xHG9leYNwQ0Hl5JeOF,2023-03-01
317,501,6zisJbwMg53zsB4tgVf96L,2023-03-01
318,Obsidia,2tV5eD1SPIy0Mf871wk9Hp,2023-03-01
319,Varien,2g1JSu9UfRcQQYb3b03Km7,2023-03-01
320,Childish Gambino,73sIBHcqh3Z3NyqHKZ7FOL,2023-03-01
321,Protostar,0n8nGcgKnLHVv106g3AfnH,2023-03-01
322,MakO,4WzbENv0SYkeCn9HnEeYWr,2023-03-01
323,Rachel Hirons,5StiwLcGIQT9D0rroRzB3J,2023-03-01
324,L.A.O.S,4rwlVr6ucsOXZLtt5hNMVZ,2023-03-01
325,Rudebrat,6fTmt8d7fx5IqmMI0LdWaV,2023-03-01
326,Fei-Fei,5JXS13q07rUqMWcgQeQXCM,2023-03-01
327,Stonebank,4lC8Q0azW5ij2e1skZo377,2023-03-01
328,Concept,4nDnG46ApUfIhdWFjZNUk3,2023-03-01
329,Gemini,3QqJ1L8cWsPFZ1YDPpUmvG,2023-03-01
330,PhaseOne,0mO3Yf5XIPHfAbHh8yWLFk,2023-03-01
331,Adventure Club,5CdJjUi9f0cVgo9nFuJrFa,2023-03-01
332,Desmeon,58yUFNnwk1DyoBvKNPmYdH,2023-03-01
333,eldiablo,4bpxaefE2xiNSoHTKuxRDc,2023-03-01
334,Flint,3Fek9UIBji9DneDOwSpRpr,2023-03-01
335,ZADIK,2Bs8lVksbowCTYe274nTAk,2023-03-01
336,Daenine,4o7M93KhmFXUpUwdJZX2YB,2023-03-01
337,Zomboy,0ycHhPwPvoaO4VGzmMnXGq,2023-03-01
338,Grabbitz,4fv1OFJywZ7DHCz3mVQQ45,2023-03-01
339,Aero Chord,6lO3fSdhsdpeOcrbqAJsRU,2023-03-01
340,Razihel,5RKCVcnmcgyhFf85I4Ry9O,2023-03-01
341,Jetta,51V0E9ipJyIj7yFDkaLx96,2023-03-01
342,Matstubs,0chxndMxE0AhAeYED1Ay9d,2023-03-01
343,Apashe,1fd3fmwlhrDl2U5wbbPQYN,2023-03-01
344,Tha Trickaz,5otbsJYLeabtEzFiCUw6lT,2023-03-01
345,MUZZ,4UNnRb4LN2hGtbtMfPzMhg,2023-03-01
346,Charlotte Colley,6AahY7rodF2tNZlKD348pD,2023-03-01
347,Sway,4OiMbTr2kjcGbvb2LNauxT,2023-03-01
348,Arkasia,1m0rmoX1ma9A5HObTSNcqG,2023-03-01
349,Panther,6erKRB3tCD5A61URnS7nvI,2023-03-01
350,DJ Snake,540vIaP2JwjQb9dm3aArA4,2023-03-01
351,Snavs,4xFadP7L1YVwVSjDDfjKjM,2023-03-01
352,Sebastian Lind,4DTK3hcKbInoTaUhEZnN0w,2023-03-01
353,Good Times Ahead,6M7RdR9ZP52h2mfNLmiHtU,2023-03-01
354,Sam Bruno,2PgOtERwe37cW1U9z7zAHb,2023-03-01
355,Johnny Graves,7A0bIqY3XcUL8TZZ2KGXtk,2023-03-01
356,Dillon Francis,5R3Hr2cnCCjt220Jmt2xLf,2023-03-01
357,Aryay,04fmPLmzpRLUoTCmxWN0lj,2023-03-01
358,Top $helf,3k2Stx1EI5xIhFvcwG74sf,2023-03-01
359,Genisis,0LFMnKoKyyeXdzRO0OEMVE,2023-03-01
360,Revolvr,3vXI6iIlwugzEdnZVLMK1f,2023-03-01
361,SPLITBREED,3Fe5n1HNeOPaDPwcPIx6Qc,2023-03-01
362,Diskord,3o8BMojuQONFOJ0cJ0qOEc,2023-03-01
363,Fabian Mazur,5BBBDm18Y0TCRXZggaOnZG,2023-03-01
364,Slop Rock,1qxmjH18T1na2y33aefXXd,2023-03-01
365,Feral Is Kinky,6RntE098osyeJ7t1CzkJW2,2023-03-01
366,Hydraulix,0v6pkn5nWfqK3vgeg0gl0W,2023-03-01
367,Alvin Risk,34PyHmCLNSwQGSH2AahyVN,2023-03-01
368,Hodgy,4sXi6Uq6IzBaLfFi8wlb3I,2023-03-01
369,UZ,2hndbDJCfHwD1o2ZTzKLMo,2023-03-01
370,Kai Wachi,2fNr4ldujwq97v1jWeqs8K,2023-03-01
371,ICHI,7fef7GzZZrPZVZArGAjAyE,2023-03-01
372,Seek N Destroy,2H0GPTuTiQnmbzifsIE3hB,2023-03-01
373,BVRNOUT,5oREZfPeedk4nyo1GpqKfU,2023-03-01
374,5oh8,14cxVSokfnzjWzmzeoavXb,2023-03-01
375,NGHTMRE,76M2Ekj8bG8W7X2nbx2CpF,2023-03-01
376,Illcasso,0get4Z5YIajmJOhWc6DPsN,2023-03-01
377,Wildstylez,0wr85NuJuAYZsRzP1lJgiV,2023-03-01
378,Gentlemens Club,58MEqEE2029jp6KTWTt1hO,2023-03-01
379,Onur Ormen,45YI93cvo54OYOBHiNI9zL,2023-03-01
380,EBEN,02J7bo06ZZ1XmSGochlWak,2023-03-01
381,Zeds Dead,67qogtRNI0GjUr8PlaG6Zh,2023-03-01
382,1000volts,6MiWYUZOD7VJbJNSx8nUNW,2023-03-01
383,Redman,7xTKLpo7UCzXSnlH7fOIoM,2023-03-01
384,Jayceeoh,1tCaVerFstPJotxmXX6lFL,2023-03-01
385,NITTI,21AUdblPrTRzkvJn8FGrlk,2023-03-01
386,Zombie Cats,5ZIAymQimYIkT08qGsRjoK,2023-03-01
387,Malux,6CNd7Wpb36Ls8k7eHRWX3T,2023-03-01
388,ABIS,5TZZERhTixBGWqg3yhqPXY,2023-03-01
389,Punker,1uoxgTFCl7K0oyamLeTx2F,2023-03-01
390,Belak,2y83yKCgoia21m1ot4WxPL,2023-03-01
391,WHIPPED CREAM,5CMaNobmJYgXcfiT0zYOwi,2023-03-01
392,Minnesota,4XIIdT0K7u7d1Tz5Vfx0JG,2023-03-01
393,Mike Hawkins,0eW2N88UpBG0giW7LJOaY2,2023-03-01
394,Infected Mushroom,6S2tas4z6DyIklBajDqJxI,2023-03-01
395,Sasha Grey,5DWVtxlkGSCNxqEN7KWNpU,2023-03-01
397,NERO,4uRYpUQZrNrY5t8tAv3XrD,2023-03-01
398,Eliminate,6hBrJJrcYoNhvLC6KaFR4b,2023-03-01
399,Ryan Curtis,4Uwm1OsyzyEF7MsNBAYoaZ,2023-03-01
400,Xilent,1k78cRCnTM3T7EhvhVeaKX,2023-03-01
401,Rival,4u1nYxjl132D6rcMeYQ6Zz,2023-03-01
402,Micah Martin,4i8u1FZVapjZBcCyyrAnU3,2023-03-01
403,grandson,4ZgQDCtRqZlhLswVS6MHN4,2023-03-01
404,Bohnes,4aN7T7NNFFMRJgVbRPne8q,2023-03-01
405,Kill Paris,6BNaPZdAIZAJnbgJRiZz2w,2023-03-01
406,Kuoga.,6zVuQdorqzJrQy6jPACUr7,2023-03-01
407,E.P.O,28UBioJeQg4FMhgBXMyrzp,2023-03-01
408,M.I.M.E,1RdQK73ZgvXjkaBJkibE6X,2023-03-01
409,Swisha T,1KNGrimbkpYFO5jKiBSCLZ,2023-03-01
410,Bassnectar,1JPy5PsJtkhftfdr6saN2i,2023-03-01
411,Rye Rye,0S05AeePINj4CeTVMfysIu,2023-03-01
412,G Jones,0gXx2aQ2mfovDfqCw10MQC,2023-03-01
413,RL Grime,5eIbEEQnDM8yuDVB0bimSP,2023-03-01
414,N3WPORT,1iyaH6NJWncvktAfUcNht8,2023-03-01
415,No Joke,4CVGauuMuGsiSW3TzNlshI,2023-03-01
416,Nicky The Jet,0VW1tdU326OZQvFuoDiU4V,2023-03-01
417,Trias,1N21tqenVOnzbRhdvw5bGH,2023-03-01
418,AENEAS,0jxe1oY7DFUhgw97SFrKe5,2023-03-01
419,Herculez,5j3gGJjzQvydywMbyzFLvf,2023-03-01
420,Wite Katt,1ReJiLIcp1manhE5oK5EGV,2023-03-01
421,Dirtyphonics,4zymhxzJ0UJc74tMHGyoWs,2023-03-01
422,Sullivan King,1CXuuw8HJhyN80HlNzvL1e,2023-03-01
423,Keiden,7vDYluyeES43WBk8Jk29Ib,2023-03-01
424,D/Rose,1vJzW6VlfirHzvfFWrwNhg,2023-03-01
425,Teddy Killerz,4xaF2VIGwhWyEMbM6GuLdm,2023-03-01
426,Fox Stevenson,2BQWHuvxG4kMYnfghdaCIy,2023-03-01
427,BEATSMASH,7FFbcFSr2g8ylh2P0S7TTB,2023-03-01
428,Datsik,48q2mPVwlKnlSaCx07i6Ta,2023-03-01
429,Soltan,6wIbmO0mcpIyQ6CFXIJmIy,2023-03-01
430,Paper Diamond,70YdZdpRWH0JNQc8ABCiAU,2023-03-01
431,LOUDPVCK,0rQ0WMIrOt6MzfiGaNWh3D,2023-03-01
432,Spag Heddy,043Bey7ngSGRFpJftAlKpi,2023-03-01
433,NOIXES,4YeITwoqeIks45gELm488B,2023-03-01
434,Take/Five,4MD0pIPxvGvPdohFuEkCua,2023-03-01
435,KLOUD,24Hb4GKFYquK73R8mTyInu,2023-03-01
436,Nimez,6ezgdzaKPS4luHYMWOk2fl,2023-03-01
437,LEVR,15zaxlMHoaKDmYC7Q4339l,2023-03-01
438,Harley Bird,7kXDaUD3imvM6el5qK6tAu,2023-03-01
439,Lenroh,7x1s8A0PdEvXjWUcC4Rc5U,2023-03-01
440,ZØMB,79NIVAOefeJgwo0QIIZ9t2,2023-03-01
441,Hxlfghoul,7M3AOwQZeGSylsRQB9ue0i,2023-03-01
442,Juelz,04p1jV00pBnrmh2rKl0jnT,2023-03-01
443,SSOS,1X90DISqAUei3m4aEHCYhR,2023-03-01
444,HIGHSOCIETY,32MQN2sITkJGNQN40QLPEa,2023-03-01
445,SirensCeol,4MLO0CjZZIw0FgBDGnj3K4,2023-03-01
446,Axel Boy,4DabGEOrvBxxta0YlaaJpJ,2023-03-01
447,Jauz,5ttgIeUVka6FLyi00Uu5h8,2023-03-01
448,San Holo,0jNDKefhfSbLR9sFvcPLHo,2023-03-01
449,Levit∆te,7rfzIs42bO9s242CZE1X3S,2023-03-01
450,Macntaj,0erl2oe9fDqYo37ueBiG8K,2023-03-01
451,Jenna Sousa,6rke9KSu2E5PpdDxeqtUAC,2023-03-01
452,Skan,7z8fkGpUDt6eb6fyysRTH9,2023-03-01
453,REAPER,24kY0bUku58QhWv5WFFXaf,2023-03-01
454,Poni,3a6qES5elZUR1LIpUq2ERm,2023-03-01
455,Just A Gent,1kwGj7uDO5WXVXtQLvGJr0,2023-03-01
456,Sofie Letitre,1kgeuIrhtiMmxSZveVE8YY,2023-03-01
457,Zes,71xwQBpvIGWm4oo7Cx5jli,2023-03-01
458,Former,5JUoiC2oaCGmgVl1Dsw1vN,2023-03-01
459,Mr. Bill,5JJclMMPi2YgEKjJY9AjbB,2023-03-01
460,Encanti,3ONg9ffdh01leqTxCl1VsW,2023-03-01
461,Vorso,5Og6MsfuDPnFYd1asgHXdH,2023-03-01
462,SHINee,2hRQKC0gqlZGPrmUKbcchR,2023-03-01
463,Hitchhiker,5ePDPFrSdmaieYrKrPDJPx,2023-03-01
464,NUTRONIC,3VnPsIJuT0zVGQPJk2MaRr,2023-03-01
465,Phaera,2AGumVLrXJSKuVQuAKEzYz,2023-03-01
466,Dub FX,4ucW1LE5T7y7X4jlaKCeVo,2023-03-01
467,High Maintenance,3XeMKGoCt5TwhUd7DSTg3V,2023-03-01
468,Jinco,2AsCNMhgUuqhs3Sx9Ko5Vq,2023-03-01
469,SVNAH,4lfzmHxJUmbTMeg2OlnBNN,2023-03-01
470,QUIX,19EW4WBhl0fvZUQgi7wV5M,2023-03-01
471,Cenob1te,6Corjor77MSuFyCSyWuJP9,2023-03-01
472,Camellia,4bwIf0yXJf0F9AmOl2J78M,2023-03-01
473,Audeka,3mgOONsT6Oa2aAj7LBUyfk,2023-03-01
474,Det,1YaU6dIni2fSdkb4WwUbxW,2023-03-01
475,The Brig,4lnwcv2fzQL7Y7bguVBvQ9,2023-03-01
476,BVXSEEK,23Lu5D8baNcAXTnYEjDn5a,2023-03-01
477,pexØt,3qB54eHzUDLxcLAN29opEG,2023-03-01
478,Psychic Type,1MkvWPAIDYqY8YbNpzRJYK,2023-03-01
479,Zedd,2qxJFvFYMEDqd7ui6kSAcq,2023-03-01
480,Grey,4lDBihdpMlOalxy1jkUbPl,2023-03-01
481,Monty,2w5c2l70mYNDdSLifFyZjJ,2023-03-01
482,Visages,1QEJm4mWKmrboH7if0CYoL,2023-03-01
483,PAV4N,1csMDtU42ZYNaqadbA4TAK,2023-03-01
484,Strategy,0lFrpd2SX8SmwUr07I4GE3,2023-03-01
485,ILLENIUM,45eNHdiiabvmbp4erw26rg,2023-03-01
486,Spiritbox,4MzJMcHQBl9SIYSjwWn8QW,2023-03-01
487,The Arcturians,39Igqv4O9OUd0De2mCdB9K,2023-03-01
488,The Anix,6nFvVbL2RN5czSm7NZjE51,2023-03-01
489,MEWONE!,0cOW02Kdc13rukUCAlCTmc,2023-03-01
490,Vexare,3Voe3zXr1EANdAorcfnvar,2023-03-01
491,Chime,3hMTYaexWgGkXqvbkt6EIS,2023-03-01
492,VALORANT,3wrFoI9EVjWg6m8xXeWr5t,2023-03-01
493,Dabin,7lZauDnRoAC3kmaYae2opv,2023-03-01
494,Boombox Cartel,4m1yRHUMhvB8gKAJTjK4kO,2023-03-01
495,Moody Good,3EN8pUGJtYWutzf2fUxrDH,2023-03-01
496,Calivania,5BBJhaRxSKP3jeCjIoWdl1,2023-03-01
497,Ecraze,2DyMQQF5Qlbxr9VSbr3lXt,2023-03-01
498,Graphyt,7fDOwYn3gMkegC9nGL0NNK,2023-03-01
499,IVORY,4820AP0lvBGJjSK0PXgZgo,2023-03-01
500,SampliFire,57gGqESEggWfCpE3KOzdVa,2023-03-01
501,Approaching Nirvana,3sS2Q1UZuUXL7TZSbQumDI,2023-03-01
502,Trivecta,4AT7XlLBevgZIiKvZQ83ye,2023-03-01
503,Casey Cook,3tG47C60La9mzGXfsIHTBl,2023-03-01
504,Psylla,0glz26CRdAXpDqL31326C8,2023-03-01
505,JACKIE EXTREME,3lTxQgwx9i1S3u0UoZHCRr,2023-03-01
506,Grant,2Hchwjfl1DioXcIwbOJkus,2023-03-01
507,ellis,00CYRdkMnA0mwfy1VQPA7X,2023-03-01
508,Bishu,1DzQInbDVhE9Lh5s6T0DUL,2023-03-01
509,HOYO-MIX,2YvlK6lKiKVjXxsjvNbnqg,2023-03-01
510,Dzivia,6WJBmYQMk8mkcapMK0Fu1Q,2023-03-01
511,League of Legends,47mIJdHORyRerp4os813jD,2023-03-01
512,Valerie Broussard,6eVWXmKBW7Iltub01D9R1c,2023-03-01
513,Ray Chen,5Cy6BjgpzVTTP4FURizqmQ,2023-03-01
514,Mako,0Ye4nfYAA91T1X56gnlXAA,2023-03-01
515,The Word Alive,1CF8aEN939swnuIZGFI7Hk,2023-03-01
516,The Glitch Mob,3a9qv6NLHnsVxJUtKOMHvD,2023-03-01
517,Against The Current,6yhD1KjhLxIETFF7vIRf8B,2023-03-01
518,Nicki Taylor,40eCNuH12cyxEcIVObqFrG,2023-03-01
519,K/DA,4gOc8TsQed9eqnqJct2c5v,2023-03-01
520,(G)I-DLE,2AfmfGFbe0A0WsTYm0SDTx,2023-03-01
521,Wolftyla,7qd6KGoABHifvXKeFNe2Yb,2023-03-01
522,Bea Miller,1o2NpYGqHiCq7FoiYdyd1x,2023-03-01
523,Madison Beer,2kRfqPViCqYdSGhYSM9R0Q,2023-03-01
524,Lexie Liu,6fs2or0cKLEM2xohWq8SoX,2023-03-01
525,Jaira Burns,0tRFWXqKBBQcu5oFVOgVzX,2023-03-01
526,Seraphine,4TqlcgMFDryY96KWcvrhTv,2023-03-01
527,BTS,3Nrfpe0tUJi4K4DXYWgMUX,2023-03-01
528,WENGIE,1g4X3uOqgxWFRNV4MbEIbD,2023-03-01
529,MINNIE,2pHkxVNynHBwQHhGaoBIXX,2023-03-01
530,Apashe,1fd3fmwlhrDl2U5wbbPQYN,2023-03-01
531,LOONA,52zMTJCKluDlFwMQWmccY7,2023-03-01
532,HOT ISSUE,16C7FRln711ggylepawmpq,2023-03-01
533,AleXa,4jCGRzuZkwo8CxboiANMEU,2023-03-01
534,I-Exist,5hutk27muJqNAjWdTLZ0CN,2023-03-01
535,Adara,3ZejoaXlP3oqmmTseylLDY,2023-03-01
536,K Theory,4N4XqUMMv5KXtLvCBYEIOt,2023-03-01
537,Beyoncé,6vWDO969PvNqNYHIOW5v0m,2023-03-01
538,Bassnectar,1JPy5PsJtkhftfdr6saN2i,2023-03-01
539,Levit∆te,7rfzIs42bO9s242CZE1X3S,2023-03-01
540,Macntaj,0erl2oe9fDqYo37ueBiG8K,2023-03-01
541,AViVA,50tDsT4wwq8FCMJNkn1D67,2023-03-01
542,Juche,3GZ8Rfap7VxAOzABiZEXCL,2023-03-01
543,SBU,11mQrxndu00noj9pIgh6EQ,2023-03-01
544,MONSTA X,4TnGh5PKbSjpYqpIdlW5nz,2023-03-01
545,Y teen (MONSTA X & WJSN),0emFKsjlvx1Q4vubeLFmac,2023-03-01
546,BTS,3Nrfpe0tUJi4K4DXYWgMUX,2023-03-01
547,24K,5r6waWb7zJbYnwwdy08EPO,2023-03-01
548,EXO,3cjEqqelV9zb4BYE3qDQ4O,2023-03-01
549,EXO-K,6wPBIyIIMxoqgux29bGF8I,2023-03-01
550,ToppDogg,03Ejz4OkKzGnTRKZE3KwRN,2023-03-01
551,iKON,5qRSs6mvI17zrkJpOHkCoM,2023-03-01
552,BLACKPINK,41MozSoPIsD1dJM0CLPjZF,2023-03-01
553,2NE1,1l0mKo96Jh9HVYONcRl3Yp,2023-03-01
554,CL,0tzSBCPJZmHTdOA3ZV2mN3,2023-03-01
555,K/DA,4gOc8TsQed9eqnqJct2c5v,2023-03-01
556,Madison Beer,2kRfqPViCqYdSGhYSM9R0Q,2023-03-01
557,(G)I-DLE,2AfmfGFbe0A0WsTYm0SDTx,2023-03-01
558,Jaira Burns,0tRFWXqKBBQcu5oFVOgVzX,2023-03-01
559,League of Legends,47mIJdHORyRerp4os813jD,2023-03-01
560,Wolftyla,7qd6KGoABHifvXKeFNe2Yb,2023-03-01
561,Bea Miller,1o2NpYGqHiCq7FoiYdyd1x,2023-03-01
562,Lexie Liu,6fs2or0cKLEM2xohWq8SoX,2023-03-01
563,Seraphine,4TqlcgMFDryY96KWcvrhTv,2023-03-01
564,Kim Petras,3Xt3RrJMFv5SZkCfUE8C1J,2023-03-01
565,Bekuh Boom,260LldmHBR0r2wtWtjzNxL,2023-03-01
566,Aluna,5ITI6SEoUZMIXXkzCfr4oE,2023-03-01
567,WENGIE,1g4X3uOqgxWFRNV4MbEIbD,2023-03-01
568,MINNIE,2pHkxVNynHBwQHhGaoBIXX,2023-03-01
569,UNIQ,0ewnmx72rVozQtvslLl0t1,2023-03-01
570,HISTORY,08JUr2CwqQou19WWRqScKX,2023-03-01
571,TVXQ!,6nVMMEywS5Y4tsHPKx1nIo,2023-03-01
572,SEVENTEEN,7nqOGRxlXj7N2JYbgNEjYH,2023-03-01
573,MINO,3ytV7vc4ZuwGgwaOuWvkk8,2023-03-01
574,THE BOYZ,0CmvFWTX9zmMNCUi6fHtAx,2023-03-01
575,BOBBY,7ieMQQDR0bdBPz572mtxwS,2023-03-01
576,Red Velvet,1z4g3DjTBBZKhvAroFlhOM,2023-03-01
577,GOT7,6nfDaffa50mKtEOwR8g4df,2023-03-01
578,Stray Kids,2dIgFjalVxs4ThymZ67YCE,2023-03-01
579,TOMORROW X TOGETHER,0ghlgldX5Dd6720Q3qFyQB,2023-03-01
580,NCT U,3paGCCtX1Xr4Gx53mSeZuQ,2023-03-01
581,NCT,48eO052eSDcn8aTxiv6QaG,2023-03-01
582,NCT 2018,7c1gShRDfvdV0zlflJDOdZ,2023-03-01
583,NCT DREAM,1gBUSTR3TyDdTVFIaQnc02,2023-03-01
584,NCT 127,7f4ignuCJhLXfZ9giKT7rH,2023-03-01
585,SuperM,5BHFSMEjfLVx1JwRWjAOsE,2023-03-01
586,WayV,1qBsABYUrxg9afpMtyoFKz,2023-03-01
587,TREASURE,3KonOYiLsU53m4yT7gNotP,2023-03-01
588,LOONA,52zMTJCKluDlFwMQWmccY7,2023-03-01
589,ATEEZ,68KmkJeZGfwe1OUaivBa2L,2023-03-01
590,SHAX,6JqcikeJIY6TnneSVzRYCP,2023-03-01
591,VERIVERY,1fWUcRSok57yRm8gPKj1Fc,2023-03-01
592,TAEMIN,13rF01aOogvnkuQXOlgTW8,2023-03-01
593,Kid Milli,7IWshUcKfJyDWrbiF2XT8J,2023-03-01
594,1TEAM,3u9xBa2fe8b9jPf5JYFRH3,2023-03-01
595,aespa,6YVMFz59CuY7ngCxTxjpxE,2023-03-01
596,ENHYPEN,5t5FqBwTcgKTaWmfEbwQY9,2023-03-01
597,AleXa,4jCGRzuZkwo8CxboiANMEU,2023-03-01
598,KARD,2JhAlkmukNvarUpGhTFXUQ,2023-03-01
599,VICTON,0ziR2zN0NFcB4x1G3P8cW3,2023-03-01
600,CRAVITY,6FkhUhUwSPl3mGB6mmE8wn,2023-03-01
601,P1Harmony,3JjvsPeGMbDJqsphe2z8xU,2023-03-01
602,JOOHONEY,4rpOWirhzqN7NPgRX76l1k,2023-03-01
603,HOT ISSUE,16C7FRln711ggylepawmpq,2023-03-01
604,ITZY,2KC9Qb60EaY0kW4eH68vr3,2023-03-01
605,CIX,1lHfzEkKmmvdVDDDLKkcsd,2023-03-01
606,HyunA&DAWN,6JTCN21ovvrR3iPViZTXz4,2023-03-01
607,LISA,5L1lO4eRHmJ7a0Q6csE5cT,2023-03-01
610,LE SSERAFIM,4SpbR6yFEvexJuaBpgAU5p,2023-03-01
611,GOT the beat,6uNxlIP5lzPFf0BHuELOuX,2023-03-01
612,KEY,6XXKPxRX2WWPPtfodzpc2v,2023-03-01
613,TAEYONG,6SKusTjOAPsTZ6kareKQdm,2023-03-01
614,JENO,3DZrLuJOQFKqV2sjMsKb1V,2023-03-01
615,HENDERY,5wrZ59w1ndSBlPeUj2f6Fs,2023-03-01
616,YANGYANG,5yyf4YDCKGaa71SC7KRw2L,2023-03-01
617,GISELLE,2P1id80CMwR5R5cwcyIIAi,2023-03-01
618,EUNHYUK,4QRqp8zf5JtqaMk2OOU3NX,2023-03-01
619,HYO,3U7bOaJLuFkrmDQ1C1OqKl,2023-03-01
620,JAEMIN,346WlBab7ogTYOd1YhgcA7,2023-03-01
621,SUNGCHAN,3kRn66oJ8iz6gJN32AyEPz,2023-03-01
622,WINTER,3mPquBmMu97Iq9TpzQ6ayI,2023-03-01
623,Loopy,3l9s67pOK4Stw9yW1wr0Bg,2023-03-01
624,JEON SOYEON,6Xg22wJOAcnvPUfk5WvODH,2023-03-01
625,Panic! At The Disco,20JZFwl6HVl6yg8a4H3ZqK,2023-03-01
626,Thirty Seconds To Mars,0RqtSIYZmd4fiBKVFqyIqD,2023-03-01
627,Fall Out Boy,4UXqAaa6dQYAk18Lv7PEgX,2023-03-01
628,Falling In Reverse,2CmaKO2zEGJ1NWpS1yfVGz,2023-03-01
629,Evanescence,5nGIFgo0shDenQYSE0Sn7c,2023-03-01
630,Black Veil Brides,6O7MpKrY91vlCd4Osi6XKs,2023-03-01
631,Red,01crEa9G3pNpXZ5m7wuHOk,2023-03-01
632,Area 11,3jULn43a6xfzqleyeFjPIq,2023-03-01
633,Arctic Monkeys,7Ln80lUS6He07XvHI8qqHH,2023-03-01
634,BABYMETAL,630wzNP2OL7fl4Xl0GnMWq,2023-03-01
635,All Time Low,46gyXjRIvN1NL1eCB8GBxo,2023-03-01
636,Biffy Clyro,1km0R7wy712AzLkA1WjKET,2023-03-01
637,Linkin Park,6XyY86QOPPrYVGvF9ch6wz,2023-03-01
638,Mike Shinoda,6xBZgSMsnKVmaAxzWEwMSD,2023-03-01
639,Steve Aoki,77AiFEVeAVj2ORpC85QVJs,2023-03-01
640,Daron Malakian,2MqLs2L4iNhAUNwJQwjmdm,2023-03-01
641,Rakim,3PyWEKLWI0vHPmoNrIX0QE,2023-03-01
642,lostprophets,7KnaZr690xW0sCihF9Z8oP,2023-03-01
643,Verax,7M1pbXqcTFSnJLMhx7gZzc,2023-03-01
644,Fireflight,5v6wlK6GCKVovWMbPqSHNy,2023-03-01
645,Rise Against,6Wr3hh341P84m3EI8qdn9O,2023-03-01
646,Skillet,49bzE5vRBRIota4qeHtQM8,2023-03-01
647,Steel Panther,3l02WF362j1oHOurzuseBv,2023-03-01
648,JAY-Z,3nFkdlSjzX9mRTtwJOzDYB,2023-03-01
649,The Cab,2C2sVVXanbOpymYBMpsi89,2023-03-01
650,Epica,5HA5aLY3jJV7eimXWkRBBp,2023-03-01
651,Crossfaith,3gfA40vRbx6YX8oCDXDCDh,2023-03-01
652,I Will Never Be The Same,5gWDvr9V4KoC2boyZD13WT,2023-03-01
653,The Birthday Massacre,16AVsBqzmIZTNHd0eX8VbK,2023-03-01
654,Bring Me The Horizon,1Ffb6ejR6Fe5IamqA5oRUF,2023-03-01
655,Breathe Carolina,53M4Iv2RkzzxFFvW2B1jhC,2023-03-01
656,Treyarch Sound,0eYjOxLFtSZHGymJMASQiU,2023-03-01
657,Kevin Sherwood,0etNimDSQLWFbktPBHQ5vb,2023-03-01
658,James McCawley,2a1s63oSnZEVny55iHFs5P,2023-03-01
659,Brian Tuey,5Hpt9NA27fOu1HhvQ6YITJ,2023-03-01
660,We As Human,6FFTGpuvFDztqTz4t1Hqy9,2023-03-01
661,Breaking Benjamin,5BtHciL0e0zOP7prIHn3pP,2023-03-01
662,Linked Horizon,3eNYrVLcWfjJ9JdH9kiPJO,2023-03-01
663,BRADIO,4bykb0rz2eT2t2kzihCsne,2023-03-01
664,Blue Stahli,4DWnSG0RYPAds8EIKY26q3,2023-03-01
665,Within Temptation,3hE8S8ohRErocpkY7uJW4a,2023-03-01
666,Keith Caputo,0o3RyxUXp69fLCpMxuOLsz,2023-03-01
667,Howard Jones,5T0Vi8WwwfjX9tmUI9Mae9,2023-03-01
668,Solence,4fnono0JCZFAeeaecrI7kg,2023-03-01
669,I-Exist,5hutk27muJqNAjWdTLZ0CN,2023-03-01
670,Ghost Fight,1Aoza3R5qj2JADDqqVu0GQ,2023-03-01
671,NINJA TRACKS,6528Ex7vvaNcKo87nHri44,2023-03-01
672,All Good Things,2uMWUtg8XLpJxNSqbGOkl1,2023-03-01
673,Soul Extract,1cEPAqNFhmARDe0HgKOD3h,2023-03-01
674,Comaduster,7qiPN4EfYY3qZqZwaAKzN5,2023-03-01
675,Celldweller,4BKyei61gtyDFxlKhcvBJJ,2023-03-01
676,Metropole Orkest,7JYdpWAsiqzrmMB3qxkEbI,2023-03-01
677,The Anix,6nFvVbL2RN5czSm7NZjE51,2023-03-01
678,Rahzel,6vunRaBya0Sx6CMJZAlHTZ,2023-03-01
679,Dani Filth,76qhZXwfMnhJPXacLwGcNK,2023-03-01
680,Grimes,053q0ukIDRgzwTr4vNSwab,2023-03-01
681,Mari Kattman,2cx9xvvWgLn451vQqnGuPC,2023-03-01
682,Amy Lee,0fGVuq5ed21pM7iWwTcMyk,2023-03-01
683,Danny Worsnop,3FffC7t4yWwOUr0S5fFbkW,2023-03-01
684,Cepheid,0J0xSsfGVwCJJ8YXEMwBHL,2023-03-01
685,Un3h,4GYxAcK4QGK3rAsQxs0B2w,2023-03-01
686,Phedora,7kifVC4eDYjmEVEtxqbTmD,2023-03-01
687,Living in Fiction,1AQHAqCjfAC3iitV5bd3ET,2023-03-01
688,Nocturne Moonrise,43zwHZGivXkCQL1VIi1zFL,2023-03-01
689,Blind Channel,3L58J6a7f0jyy2p6f3MSAs,2023-03-01
690,NUTRONIC,3VnPsIJuT0zVGQPJk2MaRr,2023-03-01
691,Void Chapter,6hJhjhNdtSCfZhQiqN03lq,2023-03-01
692,MEWONE!,0cOW02Kdc13rukUCAlCTmc,2023-03-01
693,Elle Vee,42zqKd15bnMOXSWlGSoQtk,2023-03-01
694,Fight The Fade,5byg90wTxATnhB6kK253DF,2023-03-01
695,Streetwise Rhapsody,4MZ9IA0bEjOH2fYVFGqyC5,2023-03-01
696,Phil Lanzon,5iygWOAhtr5JR3uCutkRLc,2023-03-01
697,Tommy Karevik,5ZMRpvbwk951xqJjEBCj7T,2023-03-01
698,Fleshgod Apocalypse,5ctFffJBdJe8PZL7W7NeML,2023-03-01
699,Shining,370lLcSfFuzXFatC0DFLel,2023-03-01
709,Tropic Gold,25My38UxRbqlegmRn61zQP,2023-03-01
